4AshleyNicole,Erik_theactor
AleRigolon,DucoLaw
AleRigolon,geocory
AleRigolon,noshfolio
AleRigolon,skydrama
AleRigolon,sonnif68
AlexBartik,BrentWRoberts
AlexBartik,DallasTrinkle
AlexBartik,Ted_Underwood
AlexBartik,founderprof
AlexBartik,sonnif68
AllenRenear,Ted_Underwood
AndyBorstUofI,noshfolio
BRy509,M_Montemurro
BRy509,ReneeDeuth
BRy509,ScottKingMedia
BRy509,StanleyGreenJr
BRy509,cernyjacob
BRy509,cisavesdotcom
BRy509,pdoherty31
BambangKhaeroni,gorgaritonga
BrentWRoberts,Familyscientist
BrentWRoberts,Ted_Underwood
BrentWRoberts,dyweiss1
BrentWRoberts,sonnif68
CarolAmmons4IL,DucoLaw
CarolAmmons4IL,LauraFrerichs
CarolAmmons4IL,NikkiMcGeeFoxIL
CarolAmmons4IL,StateRepAmmons
CarolAmmons4IL,cisavesdotcom
CarolAmmons4IL,noshfolio
DaRealD_Wade,NuDelta_Zetas
DaRealD_Wade,TySteele_
DaRealD_Wade,_SilentKillerr
DaRealD_Wade,ambreaxo
DaRealD_Wade,c_murdahh
DaRealD_Wade,kayybeear_
DaRealD_Wade,mstamarrian
DaRealD_Wade,ryyanmaria
DallasTrinkle,DucoLaw
DallasTrinkle,sonnif68
DaniBrown_KDE,DrARRob
DaniBrown_KDE,Erik_theactor
DrARRob,Editorspic
DrARRob,Erik_theactor
DrARRob,EsquireTheGent
DrARRob,EstherNgumbi
DrARRob,H0llyw00dSmile
DrARRob,KarenFlynnPhD
DrARRob,M_Montemurro
DrARRob,MilaFuller
DrARRob,NikkiMcGeeFoxIL
DrARRob,NuDelta_Zetas
DrARRob,ScottKingMedia
DrARRob,TySteele_
DrARRob,_SilentKillerr
DrARRob,ambreaxo
DrARRob,ashmo217
DrARRob,c_murdahh
DrARRob,cisavesdotcom
DrARRob,geocory
DrARRob,mstamarrian
DrARRob,noshfolio
DrARRob,ntfclocal6546
DrARRob,sonnif68
DucoLaw,HoosierCAB
DucoLaw,JesseMTuttle
DucoLaw,KathrynLBlum
DucoLaw,LauraFrerichs
DucoLaw,MilaFuller
DucoLaw,NikkiMcGeeFoxIL
DucoLaw,StateRepAmmons
DucoLaw,TonyBruno
DucoLaw,ashmo217
DucoLaw,cisavesdotcom
DucoLaw,geocory
DucoLaw,noshfolio
DucoLaw,ntfclocal6546
DucoLaw,skydrama
DucoLaw,tin_acton
Editorspic,Erik_theactor
Editorspic,ScottKingMedia
Erik_theactor,EsquireTheGent
Erik_theactor,NuDelta_Zetas
Erik_theactor,sonnif68
EstherNgumbi,MilaFuller
EstherNgumbi,geocory
EstherNgumbi,johngwirtz
EstherNgumbi,leakey77
EstherNgumbi,russellmanthy
EstherNgumbi,sonnif68
H0llyw00dSmile,_SilentKillerr
H0llyw00dSmile,mstamarrian
HoosierCAB,KathrynLBlum
HoosierCAB,cisavesdotcom
HoosierCAB,noshfolio
HoosierCAB,tubbsjohn
JesseMTuttle,ScottKingMedia
JesseMTuttle,cisavesdotcom
JesseMTuttle,noshfolio
Jiajun3423,founderprof
KathrynLBlum,LauraFrerichs
KathrynLBlum,cisavesdotcom
KathrynLBlum,geocory
KathrynLBlum,noshfolio
LauraFrerichs,NikkiMcGeeFoxIL
LauraFrerichs,StateRepAmmons
LauraFrerichs,cisavesdotcom
LauraFrerichs,founderprof
LauraFrerichs,geocory
LauraFrerichs,noshfolio
LauraFrerichs,skydrama
M_Montemurro,ScottKingMedia
M_Montemurro,cisavesdotcom
M_Montemurro,skydrama
M_Montemurro,sonnif68
MilaFuller,NikkiMcGeeFoxIL
MilaFuller,geocory
MilaFuller,noshfolio
MilaFuller,rwallon
NikkiMcGeeFoxIL,StateRepAmmons
NikkiMcGeeFoxIL,TonyBruno
NikkiMcGeeFoxIL,cisavesdotcom
NikkiMcGeeFoxIL,dyweiss1
NikkiMcGeeFoxIL,geocory
NikkiMcGeeFoxIL,noshfolio
NikkiMcGeeFoxIL,ntfclocal6546
NikkiMcGeeFoxIL,skydrama
NuDelta_Zetas,TySteele_
NuDelta_Zetas,_SilentKillerr
NuDelta_Zetas,ambreaxo
NuDelta_Zetas,kayybeear_
NuDelta_Zetas,mstamarrian
NuDelta_Zetas,ryyanmaria
ScottKingMedia,skydrama
ScottKingMedia,sonnif68
StanleyGreenJr,_SilentKillerr
StanleyGreenJr,cernyjacob
StanleyGreenJr,mstamarrian
StateRepAmmons,cisavesdotcom
StateRepAmmons,geocory
StateRepAmmons,noshfolio
StateRepAmmons,ntfclocal6546
StateRepAmmons,skydrama
TonyBruno,cisavesdotcom
TonyBruno,noshfolio
TySteele_,_SilentKillerr
TySteele_,ambreaxo
TySteele_,c_murdahh
TySteele_,kayybeear_
TySteele_,mstamarrian
VolcanoProf,geocory
Yoshi_Mori27,egg_chanwich
_SilentKillerr,ambreaxo
_SilentKillerr,c_murdahh
_SilentKillerr,kayybeear_
_SilentKillerr,mstamarrian
_SilentKillerr,ryyanmaria
_losimone,ambreaxo
_losimone,kayybeear_
amaliafuadi,gorgaritonga
ambreaxo,c_murdahh
ambreaxo,kayybeear_
ambreaxo,mstamarrian
ambreaxo,ryyanmaria
ashmo217,cisavesdotcom
ashmo217,noshfolio
ashmo217,sonnif68
c_murdahh,kayybeear_
c_murdahh,mstamarrian
cisavesdotcom,geocory
cisavesdotcom,noshfolio
cisavesdotcom,ntfclocal6546
cisavesdotcom,skydrama
cisavesdotcom,tin_acton
cisavesdotcom,tubbsjohn
dyweiss1,sonnif68
founderprof,geocory
founderprof,sonnif68
geocory,leakey77
geocory,noshfolio
geocory,ntfclocal6546
geocory,skydrama
geocory,sonnif68
kayybeear_,mstamarrian
kayybeear_,ryyanmaria
leakey77,smideros
mstamarrian,ryyanmaria
noshfolio,ntfclocal6546
noshfolio,skydrama
noshfolio,tin_acton
skydrama,snodgrss
sonnif68,tubbsjohn
